{"cameraMode":{"drawMode":0,"name":"Shaded","section":"Shading Mode"},"sceneLighting":true,"audioPlay":false,"sceneViewState":{"showFog":true,"showMaterialUpdate":false,"showSkybox":true,"showFlares":true,"showImageEffects":true,"showParticleSystems":true},"in2DMode":false,"pivot":{"x":-25.09819221496582,"y":0.5888309478759766,"z":13.17054271697998},"rotation":{"x":0.11158142983913422,"y":0.8728004693984985,"z":-0.23621639609336854,"w":0.4122861921787262},"size":18.240476608276368,"orthographic":false}