{"cameraMode":{"drawMode":0,"name":"Shaded","section":"Shading Mode"},"sceneLighting":true,"audioPlay":false,"sceneViewState":{"showFog":true,"showMaterialUpdate":false,"showSkybox":true,"showFlares":true,"showImageEffects":true,"showParticleSystems":true},"in2DMode":false,"pivot":{"x":-30.69611358642578,"y":13.847518920898438,"z":49.42408752441406},"rotation":{"x":-0.06955321878194809,"y":0.9379521012306213,"z":-0.3353218734264374,"w":0.0545247346162796},"size":161.69512939453126,"orthographic":false}