{"cameraMode":{"drawMode":0,"name":"Shaded","section":"Shading Mode"},"sceneLighting":true,"audioPlay":false,"sceneViewState":{"showFog":true,"showMaterialUpdate":false,"showSkybox":true,"showFlares":true,"showImageEffects":true,"showParticleSystems":true},"in2DMode":false,"pivot":{"x":-1.7139527797698975,"y":7.6841864585876469,"z":8.70838451385498},"rotation":{"x":-0.0533035509288311,"y":0.711789608001709,"z":0.05433690547943115,"w":0.6982569098472595},"size":29.59771728515625,"orthographic":false}