{"cameraMode":{"drawMode":0,"name":"Shaded","section":"Shading Mode"},"sceneLighting":false,"audioPlay":false,"sceneViewState":{"showFog":true,"showMaterialUpdate":false,"showSkybox":false,"showFlares":true,"showImageEffects":true,"showParticleSystems":true},"in2DMode":false,"pivot":{"x":12.581263542175293,"y":3.048868179321289,"z":1.0560343265533448},"rotation":{"x":0.02812160737812519,"y":0.466852605342865,"z":-0.014855262823402882,"w":0.8837637901306152},"size":6.9400506019592289,"orthographic":false}