{"cameraMode":{"drawMode":0,"name":"Shaded","section":"Shading Mode"},"sceneLighting":true,"audioPlay":false,"sceneViewState":{"showFog":true,"showMaterialUpdate":false,"showSkybox":true,"showFlares":true,"showImageEffects":true,"showParticleSystems":true},"in2DMode":false,"pivot":{"x":-0.5881805419921875,"y":2.011444091796875,"z":-0.5881919860839844},"rotation":{"x":-0.06184085085988045,"y":0.9117370247840881,"z":-0.1492970734834671,"w":-0.3776538670063019},"size":16.135602951049806,"orthographic":false}