{"cameraMode":{"drawMode":0,"name":"Shaded","section":"Shading Mode"},"sceneLighting":true,"audioPlay":false,"sceneViewState":{"showFog":true,"showMaterialUpdate":false,"showSkybox":true,"showFlares":true,"showImageEffects":true,"showParticleSystems":true},"in2DMode":false,"pivot":{"x":1.9445608854293824,"y":2.0720877647399904,"z":-1.1871981620788575},"rotation":{"x":-0.01365265529602766,"y":0.9081429839134216,"z":-0.4173838198184967,"w":-0.029705986380577089},"size":8.160680770874024,"orthographic":false}